<?xml version="1.0" encoding="utf-8"?>
<!DOCTYPE tiles-definitions PUBLIC "-//Apache Software Foundation//DTD Tiles Configuration 2.0//EN" "http://tiles.apache.org/dtds/tiles-config_2_0.dtd">

<tiles-definitions>

    <!-- Person Info -->
    <definition name="business/common/userDetailInfo" extends="layout/framework/popup">
        <put-attribute name="title" value="View : Person Detail Information" />
        <put-attribute name="main" value="/WEB-INF/views/framework/user/common/personInfo.jsp" />
    </definition>
    <!-- Group detail information -->
    <definition name="business/common/groupInfo" extends="layout/framework/popup">
        <put-attribute name="title" value="View : Group Detail Information" />
        <put-attribute name="main" value="/WEB-INF/views/business/resmanage/common/popup/groupInfo.jsp" />
    </definition>
    <!-- Booth detail information -->
    <definition name="business/common/boothInfo" extends="layout/framework/popup">
        <put-attribute name="title" value="View : Booth Information" />
        <put-attribute name="main" value="/WEB-INF/views/business/resmanage/common/popup/boothInfo.jsp" />
    </definition>

</tiles-definitions>