<?xml version="1.0" encoding="UTF-8"?>
<!DOCTYPE mapper
    PUBLIC "-//mybatis.org//DTD Mapper 3.0//EN"
    "http://mybatis.org/dtd/mybatis-3-mapper.dtd">

<mapper namespace="mySqlSysProptyDao" >

    <select id="getSysPropertyInfo" resultType="java.util.Map">
     /* QUERY ID : getSysPropertyInfo */
        SELECT a.sys_id sysId,
               a.sys_name sysName,
               a.sys_descript sysDescript,
               a.copyright copyright,
               a.admin_user_id adminUserId,
               c.first_name firstName,
               c.email email,
               c.mobile_phone mobilePhone,
               c.telephone telephone,
               a.file_id fileId,
               a.data_upload_rootpath dataUploadRootpath,
               b.file_name fileName,
               a.acess_chk_except acessChkExceptUrl,
               concat(a.data_upload_rootpath, '/',  b.info_type, '/',b.saved_name) savedName
          FROM FRWK_CMM_SYSPROPERTIES a, frwk_cmm_attach_file b, FRWK_CMM_USERINFO c
         WHERE a.file_id = b.file_id AND a.admin_user_id = c.user_id AND a.sys_id = 0
    </select>
    
    <update id="modifyAdministrator" parameterType="java.util.Map">
     /* QUERY ID : modifyAdministrator */
        UPDATE FRWK_CMM_SYSPROPERTIES SET
                admin_user_id = #{userId}
        WHERE sys_id = 0    
    </update>   
    
    <update id="modifyAccessCheckExceptUrl" parameterType="java.util.Map">
     /* QUERY ID : modifyAccessCheckExceptUrl */
        UPDATE FRWK_CMM_SYSPROPERTIES SET
                acess_chk_except = #{acessChkExceptUrl}
        WHERE sys_id = 0    
    </update>   
    
    <update id="modifyBasicInfo" parameterType="java.util.Map">
     /* QUERY ID : modifyBasicInfo */
        UPDATE FRWK_CMM_SYSPROPERTIES SET
                sys_name = #{sysName},
                sys_descript = #{sysDescript},
                copyright = #{copyright},
                file_id = #{fileId}
        WHERE sys_id = 0    
    </update>   
    
    <update id="modifyDataUploadRootpath" parameterType="java.util.Map">
     /* QUERY ID : modifyDataUploadRootpath */
        UPDATE FRWK_CMM_SYSPROPERTIES SET
                data_upload_rootpath = #{dataUploadRootpath}
        WHERE sys_id = 0    
    </update>   
         
</mapper>